time,price_per_mwh,green_ratio
00:00,62.92,
00:05,57.31,
00:10,60.95,
00:15,60.65,
00:20,57.31,
00:25,57.31,
00:30,61.89,
00:35,60.75,
00:40,57.31,
00:45,57.06,
00:50,60.47,
00:55,57.06,
01:00,57.31,
01:05,57.31,
01:10,57.06,
01:15,57.06,
01:20,56.98,
01:25,56.98,
01:30,56.98,
01:35,57.06,
01:40,56.98,
01:45,56.98,
01:50,56.98,
01:55,56.98,
02:00,56.98,
02:05,56.98,
02:10,57.06,
02:15,57.06,
02:20,57.06,
02:25,57.06,
02:30,57.06,
02:35,57.06,
02:40,57.06,
02:45,57.06,
02:50,57.06,
02:55,57.31,
03:00,57.06,
03:05,57.31,
03:10,60.84,
03:15,57.31,
03:20,61.58,
03:25,61.62,
03:30,57.31,
03:35,60.89,
03:40,62.37,
03:45,62.79,
03:50,57.31,
03:55,64.38,
04:00,57.35,
04:05,64.07,
04:10,57.35,
04:15,62.98,
04:20,71.86,
04:25,63.35,
04:30,63.65,
04:35,73.2,
04:40,62.2,
04:45,63.63,
04:50,64.01,
04:55,64.35,
05:00,63.93,
05:05,73.2,
05:10,62.5,
05:15,64.73,
05:20,65.09,
05:25,65.0,
05:30,65.15,
05:35,63.26,
05:40,57.35,
05:45,62.33,
05:50,57.35,
05:55,57.06,
06:00,54.95,
06:05,57.06,
06:10,52.55,
06:15,53.28,
06:20,0.47,
06:25,0.64,
06:30,35.5,
06:35,36.06,
06:40,0.51,
06:45,36.06,
06:50,0.05,
06:55,0.61,
07:00,10.26,
07:05,-5.89,
07:10,0.51,
07:15,0.0,
07:20,-0.95,
07:25,-5.34,
07:30,0.0,
07:35,0.0,
07:40,0.0,
07:45,0.0,
07:50,-4.59,
07:55,-5.01,
08:00,-5.17,
08:05,-5.17,
08:10,-4.75,
08:15,0.0,
08:20,-5.49,
08:25,-5.8,
08:30,-5.36,
08:35,-5.81,
08:40,-5.89,
08:45,-5.89,
08:50,-5.93,
08:55,-6.72,
09:00,-6.8,
09:05,-6.63,
09:10,-7.37,
09:15,-7.61,
09:20,-7.22,
09:25,-7.16,
09:30,-7.64,
09:35,-7.18,
09:40,-7.3,
09:45,-7.3,
09:50,-7.62,
09:55,-7.13,
10:00,-7.54,
10:05,-7.58,
10:10,-8.11,
10:15,-7.38,
10:20,-7.27,
10:25,-9.4,
10:30,-7.44,
10:35,-8.32,
10:40,-9.31,
10:45,-11.0,
10:50,-8.52,
10:55,-9.5,
11:00,-7.2,
11:05,-11.01,
11:10,-7.16,
11:15,-7.77,
11:20,-11.01,
11:25,-6.66,
11:30,-7.16,
11:35,-7.96,
11:40,-11.0,
11:45,-12.81,
11:50,-7.25,
11:55,-7.3,
12:00,-7.5,
12:05,-8.89,
12:10,-14.0,
12:15,-8.84,
12:20,-8.94,
12:25,-12.01,
12:30,-12.01,
12:35,-12.01,
12:40,-12.01,
12:45,-9.61,
12:50,-9.29,
12:55,-11.0,
13:00,-6.91,
13:05,-6.99,
13:10,-6.75,
13:15,-7.5,
13:20,-6.46,
13:25,-6.41,
13:30,-6.28,
13:35,-6.51,
13:40,-6.72,
13:45,-6.48,
13:50,-6.41,
13:55,-6.21,
14:00,-6.28,
14:05,-6.06,
14:10,-6.18,
14:15,-5.75,
14:20,-6.31,
14:25,-5.51,
14:30,-5.01,
14:35,-6.0,
14:40,-6.0,
14:45,-5.51,
14:50,-1.03,
14:55,-6.34,
15:00,-6.54,
15:05,-6.55,
15:10,-6.0,
15:15,-3.33,
15:20,-6.0,
15:25,0.51,
15:30,0.0,
15:35,0.0,
15:40,0.0,
15:45,0.0,
15:50,3.8,
15:55,55.08,
16:00,12.04,
16:05,5.29,
16:10,8.27,
16:15,33.52,
16:20,62.2,
16:25,62.09,
16:30,52.82,
16:35,-0.93,
16:40,14.31,
16:45,24.73,
16:50,60.21,
16:55,74.82,
17:00,66.15,
17:05,48.34,
17:10,48.69,
17:15,57.26,
17:20,58.33,
17:25,65.0,
17:30,65.41,
17:35,81.73,
17:40,92.7,
17:45,93.04,
17:50,101.25,
17:55,106.94,
18:00,93.88,
18:05,97.84,
18:10,101.25,
18:15,101.25,
18:20,101.25,
18:25,118.66,
18:30,113.28,
18:35,110.01,
18:40,113.17,
18:45,106.13,
18:50,124.8,
18:55,117.03,
19:00,101.4,
19:05,122.89,
19:10,124.45,
19:15,117.53,
19:20,106.56,
19:25,125.34,
19:30,122.25,
19:35,121.45,
19:40,119.24,
19:45,108.89,
19:50,117.27,
19:55,101.25,
20:00,101.98,
20:05,115.24,
20:10,101.61,
20:15,108.89,
20:20,108.89,
20:25,102.04,
20:30,103.09,
20:35,101.25,
20:40,101.25,
20:45,101.25,
20:50,96.41,
20:55,97.03,
21:00,98.22,
21:05,101.25,
21:10,97.09,
21:15,84.79,
21:20,98.95,
21:25,101.25,
21:30,101.25,
21:35,101.25,
21:40,101.25,
21:45,100.84,
21:50,101.25,
21:55,84.79,
22:00,101.25,
22:05,91.41,
22:10,84.79,
22:15,84.79,
22:20,83.2,
22:25,76.61,
22:30,92.97,
22:35,92.97,
22:40,84.79,
22:45,74.56,
22:50,75.82,
22:55,90.74,
23:00,97.3,
23:05,98.58,
23:10,96.1,
23:15,84.79,
23:20,96.26,
23:25,94.83,
23:30,101.69,
23:35,94.2,
23:40,84.79,
23:45,94.51,
23:50,92.41,
23:55,72.82,
